[
  {
    "id": "030c1acd-b9af-4433-97b8-dccf378b29df",
    "data": [
      {
        "text": "I don\u0027t understand",
        "userDefined": false
      }
    ],
    "isTemplate": false,
    "count": 0,
    "lang": "en",
    "updated": 0
  },
  {
    "id": "5fd754f1-1143-4d7b-874b-7c553a1cefb7",
    "data": [
      {
        "text": "Huh?",
        "userDefined": false
      }
    ],
    "isTemplate": false,
    "count": 0,
    "lang": "en",
    "updated": 0
  },
  {
    "id": "3a595b2b-dc89-49f4-8f6a-ebac081e62f5",
    "data": [
      {
        "text": "What do you mean?",
        "userDefined": false
      }
    ],
    "isTemplate": false,
    "count": 0,
    "lang": "en",
    "updated": 0
  },
  {
    "id": "92948504-7a74-4d49-b372-b9f67b93bdf9",
    "data": [
      {
        "text": "Sorry, I didn\u0027t catch that",
        "userDefined": false
      }
    ],
    "isTemplate": false,
    "count": 0,
    "lang": "en",
    "updated": 0
  },
  {
    "id": "18001227-63e2-4a66-99db-3932b539f5b4",
    "data": [
      {
        "text": "Can you repeat that?",
        "userDefined": false
      }
    ],
    "isTemplate": false,
    "count": 0,
    "lang": "en",
    "updated": 0
  },
  {
    "id": "cab65ed2-48e4-459b-ad73-f3d4267e614b",
    "data": [
      {
        "text": "I\u0027m not sure",
        "userDefined": false
      }
    ],
    "isTemplate": false,
    "count": 0,
    "lang": "en",
    "updated": 0
  }
]